ID,strain,temperature,treatment,timepoint,replicate,growthrateA,initialConc,prop_dead,prop_live,initialConcB,finalConc,time(days),growthrateB,day
590DLR1,590,0.5,Dark,1,1,0.240334104,356.1822967,0.05,0.95,338.3731818,3939.4,10,0.245463433,9
590DLR2,590,0.5,Dark,1,2,0.316289914,225.9370813,0.087912088,0.912087912,206.0744808,5340.933333,10,0.325491804,9
590DLR3,590,0.5,Dark,1,3,0.236085086,350.2023591,0.112903226,0.887096774,310.6633831,3712.133333,10,0.248065206,9
590DHR1,590,4,Dark,1,1,0.359438509,259.1629851,0.06557377,0.93442623,242.168691,9431.8,10,0.366220768,9
590DHR2,590,4,Dark,1,2,0.312678602,259.1629851,0.118518519,0.881481481,228.4473721,5909.066667,10,0.325293731,9
590DHR3,590,4,Dark,1,3,0.349868168,281.7564593,0.050359712,0.949640288,267.5672851,9318.2,10,0.355035369,9
633DLR1,633,0.5,Dark,1,1,0.279455691,391.4022927,0.065625,0.934375,365.7165172,6401.533333,10,0.286243433,9
633DLR2,633,0.5,Dark,1,2,0.278214428,408.0158293,0.0625,0.9375,382.51484,6590.933333,10,0.28466828,9
633DLR3,633,0.5,Dark,1,3,0.327517852,313.6525784,0.038216561,0.961783439,301.6658557,8295.466667,10,0.331414449,9
633DHR1,633,4,Dark,1,1,0.376978807,244.5435407,0.160493827,0.839506173,205.2958119,10606.06667,10,0.394472952,9
633DHR2,633,4,Dark,1,2,0.388382825,239.2267411,0.123595506,0.876404494,209.6593911,11628.8,10,0.401575579,9
633DHR3,633,4,Dark,1,3,0.371067265,293.7186736,0.133663366,0.866336634,254.4592469,12007.6,10,0.385415437,9
595DLR1,595,0.5,Dark,1,1,0.235542083,211.9819444,0.147239264,0.852760736,180.769879,2234.833333,10,0.25146971,9
595DLR2,595,0.5,Dark,1,2,0.238988334,263.8143076,0.218390805,0.781609195,206.1996887,2878.8,10,0.263628376,9
595DLR3,595,0.5,Dark,1,3,0.23110481,172.7749336,0.254901961,0.745098039,128.7342642,1742.433333,10,0.260528757,9
595DHR1,595,4,Dark,1,1,0.328798392,188.0586856,0.53125,0.46875,88.15250885,5037.866667,10,0.404566962,9
595DHR2,595,4,Dark,1,2,0.280668581,201.3495149,0.280373832,0.719626168,144.8963799,3333.333333,10,0.313570922,9
595DHR3,595,4,Dark,1,3,0.257893726,150.8469364,0.394594595,0.605405405,91.32355071,1988.633333,10,0.308079421,9
716DLR1,716,0.5,Dark,1,1,0.221212359,280.67579,0.20979021,0.79020979,221.7927571,2564,10,0.24475804,9
716DLR2,716,0.5,Dark,1,2,0.240828783,262.41318,0.05,0.95,249.292521,2916.7,10,0.245958113,9
716DLR3,716,0.5,Dark,1,3,0.235209802,278.46533,0.085,0.915,254.795777,2926,10,0.244092923,9
716DHR1,716,4,Dark,1,1,0.327955822,214.88829,0.15,0.85,182.6550465,5708.3,10,0.344207715,9
716DHR2,716,4,Dark,1,2,0.313385582,245.57158,0.283018868,0.716981132,176.0701894,5638.9,10,0.346656157,9
716DHR3,716,4,Dark,1,3,0.330359375,198.04669,0.11627907,0.88372093,175.0180051,5388.9,10,0.342720771,9
654DLR1,654,0.5,Dark,1,1,0.25812872,292.3888889,0.048780488,0.951219512,278.1260163,3863.666667,10,0.263129762,9
654DLR2,654,0.5,Dark,1,2,0.293804569,315.6466707,0.035714286,0.964285714,304.3735753,5959.066667,10,0.297441334,9
654DLR3,654,0.5,Dark,1,3,0.26637656,285.0779971,0.060606061,0.939393939,267.8005427,4090.933333,10,0.272628596,9
654DHR1,654,4,Dark,1,1,0.399196122,200.0208998,0.107526882,0.892473118,178.5132761,10833.33333,10,0.410572011,9
654DHR2,654,4,Dark,1,2,0.393595422,209.3235447,0.141791045,0.858208955,179.6433406,10719.66667,10,0.40888619,9
654DHR3,654,4,Dark,1,3,0.394714129,210.6521598,0.625,0.375,78.99455992,10909.06667,10,0.492797054,9
590CLR1,590,0.5,Control,1,1,0.255932811,197.3625,0.045248869,0.954751131,188.4320701,3295.466667,11,0.260142318,9
590CLR2,590,0.5,Control,1,2,0.313134817,160.8150584,0.012345679,0.987654321,158.8296874,5037.866667,11,0.314264137,9
590CLR3,590,0.5,Control,1,3,0.304198448,177.426256,0.065420561,0.934579439,165.8189308,5037.866667,11,0.310349234,9
590CHR1,590,4,Control,1,1,0.257674246,224.6072967,0.089686099,0.910313901,204.4631445,2954.533333,10,0.267070826,9
590CHR2,590,4,Control,1,2,0.25701758,304.348764,0.294736842,0.705263158,214.6459704,3977.266667,10,0.291936007,9
590CHR3,590,4,Control,1,3,0.266170798,269.7954147,0.044067797,0.955932203,257.9061252,3863.666667,10,0.270677626,9
633CLR1,633,0.5,Control,1,1,0.292318627,211.3164673,0.047101449,0.952898551,201.3631555,5265.133333,11,0.296704702,9
633CLR2,633,0.5,Control,1,2,0.250716508,249.8603402,0.024054983,0.975945017,243.849954,3939.4,11,0.252930056,9
633CLR3,633,0.5,Control,1,3,0.237814125,265.8083998,0.075949367,0.924050633,245.62042,3636.333333,11,0.24499489,9
633CHR1,633,4,Control,1,1,0.346651995,247.2019404,0.097619048,0.902380952,223.0703224,7916.666667,10,0.356923845,9
633CHR2,633,4,Control,1,2,0.355578357,232.582496,0.107142857,0.892857143,207.6629429,8143.933333,10,0.366911225,9
633CHR3,633,4,Control,1,3,0.313265585,282.4207669,0.061946903,0.938053097,264.9256751,6477.266667,10,0.319660457,9
595CLR1,595,0.5,Control,1,1,0.226588114,131.5761696,0.109756098,0.890243902,117.1348827,1590.9,11,0.237157187,9
595CLR2,595,0.5,Control,1,2,0.292193752,83.72965178,0.089005236,0.910994764,76.27727439,2083.333333,11,0.300668128,9
595CLR3,595,0.5,Control,1,3,0.26952856,97.01931156,0.112804878,0.887195122,86.07505995,1881.311111,11,0.280409501,9
595CHR1,595,4,Control,1,1,0.362643334,89.71075889,0.123893805,0.876106195,78.59615159,3371.2,10,0.375870131,9
595CHR2,595,4,Control,1,2,0.40262647,79.74263689,0.134110787,0.865889213,69.04828908,4469.666667,10,0.417026301,9
595CHR3,595,4,Control,1,3,0.305712583,86.386882,0.084745763,0.915254237,79.0659598,1837.133333,10,0.314567923,9
716CLR1,716,0.5,Control,1,1,0.250498473,175.431579,0.081081081,0.918918919,161.2073969,2759.3,11,0.258185508,9
716CLR2,716,0.5,Control,1,2,0.256957697,178.31044,0.061032864,0.938967136,167.4276432,3011.1,11,0.262682678,9
716CLR3,716,0.5,Control,1,3,0.251825622,148.52186,0.083333333,0.916666667,136.1450383,2370.4,11,0.259735747,9
716CHR1,716,4,Control,1,1,0.338305074,394.725,0.05,0.95,374.98875,11628.8,10,0.343434403,9
716CHR2,716,4,Control,1,2,0.381758623,283.086244,0.076487252,0.923512748,261.4337551,12878.8,10,0.38971569,9
716CHR3,716,4,Control,1,3,0.337860445,297.0402113,0.041899441,0.958100559,284.5943924,8712.133333,10,0.342140699,9
654CLR1,654,0.5,Control,1,1,0.288454351,122.9366627,0.021978022,0.978021978,120.234758,2935.6,11,0.290474636,9
654CLR2,654,0.5,Control,1,2,0.247699514,122.9366627,0.126582278,0.873417722,107.3750598,1875,11,0.260003273,9
654CLR3,654,0.5,Control,1,3,0.239361217,112.9685407,0.130177515,0.869822485,98.26257679,1571.966667,11,0.252039956,9
654CHR1,654,4,Control,1,1,0.3229302,233.9111111,0.027777778,0.972222222,227.4135802,5909.066667,10,0.325747287,9
654CHR2,654,4,Control,1,2,0.236053335,207.330622,0.035175879,0.964824121,200.037585,2197,10,0.23963428,21
654CHR3,654,4,Control,1,3,0.247911331,257.1688929,0.073446328,0.926553672,238.2807821,3068.2,10,0.255539661,21
590DLR1,590,0.5,Dark,2,1,0.259040951,421.04,0.243243243,0.756756757,318.6248649,9425.925926,12,0.282267068,21
590DLR2,590,0.5,Dark,2,2,0.187846557,686.1392593,0.158974359,0.841025641,577.0607104,6537.037037,12,0.202274318,21
590DLR3,590,0.5,Dark,2,3,0.183180203,476.9187654,0.281609195,0.718390805,342.6140556,4296.296296,12,0.210741999,21
590DHR1,590,4,Dark,2,1,0.422907947,124.7525926,0.101010101,0.898989899,112.1513206,5611.111111,9,0.434739445,21
590DHR2,590,4,Dark,2,2,0.479656256,106.2346296,0.116883117,0.883116883,93.817595,7962.962963,9,0.493467114,21
590DHR3,590,4,Dark,2,3,0.383489283,200.7737037,0.154285714,0.845714286,169.7971894,6333.333333,9,0.402108583,21
633DLR1,633,0.5,Dark,2,1,0.272712285,427.5375309,0.091743119,0.908256881,388.3139042,11277.77778,12,0.280731288,21
633DLR2,633,0.5,Dark,2,2,0.223300132,675.7432099,0.143459916,0.856540084,578.801146,9851.851852,12,0.236204646,21
633DLR3,633,0.5,Dark,2,3,0.219500573,576.9807407,0.107569721,0.892430279,514.9150834,8037.037037,12,0.228984481,21
633DHR1,633,4,Dark,2,1,0.377286622,236.5101235,0.055555556,0.944444444,223.3706722,7055.555556,9,0.383637557,21
633DHR2,633,4,Dark,2,2,0.348087617,243.0076543,0.067164179,0.932835821,226.6862447,5574.074074,9,0.355812735,21
633DHR3,633,4,Dark,2,3,0.285572519,313.1809877,0.103321033,0.896678967,280.8228044,4092.592593,9,0.297690006,21
595DLR1,595,0.5,Dark,2,1,0.199441005,230.0125926,0.260416667,0.739583333,170.1134799,2518.518519,12,0.224580031,21
595DLR2,595,0.5,Dark,2,2,0.110812834,246.9061728,0.168918919,0.831081081,205.199049,933.3333333,12,0.126231827,21
595DLR3,595,0.5,Dark,2,3,0.117095053,232.6116049,0.203208556,0.796791444,185.3429366,948.1481481,12,0.136025245,21
595DHR1,595,4,Dark,2,1,0.250375726,126.0520988,0.417721519,0.582278481,73.3974246,1200,9,0.310465332,21
595DHR2,595,4,Dark,2,2,0.184837237,140.3466667,0.381188119,0.618811881,86.84818482,740.7407407,9,0.238165455,21
595DHR3,595,4,Dark,2,3,0.20123486,159.8392593,0.394495413,0.605504587,96.78340469,977.7777778,9,0.256978543,21
716DLR1,716,0.5,Dark,2,1,0.187849958,253.6473611,0.165644172,0.834355828,211.6321541,2416.666667,12,0.202941234,21
716DLR2,716,0.5,Dark,2,2,0.15029974,254.3783333,0.104166667,0.895833333,227.8805903,1544.444444,12,0.159466481,21
716DLR3,716,0.5,Dark,2,3,0.142638385,282.88625,0.121212121,0.878787879,248.5970076,1566.666667,12,0.15340603,21
716DHR1,716,4,Dark,2,1,0.308972094,179.0881944,0.123287671,0.876712329,157.008828,2888.888889,9,0.32359169,21
716DHR2,716,4,Dark,2,2,0.265083563,203.2102778,0.252631579,0.747368421,151.8729444,2208.333333,9,0.297438787,21
716DHR3,716,4,Dark,2,3,0.442426405,49.2187963,0.084210526,0.915789474,45.07405556,2638.888889,9,0.452200713,21
654DLR1,654,0.5,Dark,2,1,0.261697483,415.8419753,0.294520548,0.705479452,293.3679689,9611.111111,12,0.290770619,21
654DLR2,654,0.5,Dark,2,2,0.289141607,291.0893827,0.119469027,0.880530973,256.3132175,9351.851852,12,0.299744122,21
654DLR3,654,0.5,Dark,2,3,0.292225214,283.2923457,0.083333333,0.916666667,259.6846502,9444.444444,12,0.299476162,21
654DHR1,654,4,Dark,2,1,0.41491244,206.6214815,0.096774194,0.903225806,186.6258542,8648.148148,9,0.426221629,21
654DHR2,654,4,Dark,2,2,0.364886236,244.3071605,0.060606061,0.939393939,229.5006659,6518.518519,9,0.371832942,21
654DHR3,654,4,Dark,2,3,0.451270045,175.4333333,0.134328358,0.865671642,151.8676617,10185.18519,9,0.46729778,21
590CLR1,590,0.5,Control,2,1,0.166721449,154.3666667,0.067114094,0.932885906,144.0064877,3666.666667,19,0.17037789,21
590CLR2,590,0.5,Control,2,2,0.203882007,75.03935185,0.069306931,0.930693069,69.83860469,3611.111111,19,0.207662308,21
590CLR3,590,0.5,Control,2,3,0.219047185,87.98677249,0.063414634,0.936585366,82.4071235,5648.148148,19,0.222495322,21
590CHR1,590,4,Control,2,1,0.383534643,272.8703704,0.053030303,0.946969697,258.3999719,8611.111111,9,0.389588886,21
590CHR2,590,4,Control,2,2,0.350453476,259.2268519,0.075892857,0.924107143,239.5533854,6074.074074,9,0.359223172,21
590CHR3,590,4,Control,2,3,0.424079203,171.5185185,0.123529412,0.876470588,150.3309368,7796.296296,9,0.43872944,21
633CLR1,633,0.5,Control,2,1,0.22843443,106.9206349,0.012820513,0.987179487,105.5498575,8203.703704,19,0.229113557,21
633CLR2,633,0.5,Control,2,2,0.246707344,111.3756614,0.068493151,0.931506849,103.7471914,12092.59259,19,0.250441646,21
633CLR3,633,0.5,Control,2,3,0.232253805,116.9444444,0.054545455,0.945454545,110.5656566,9648.148148,19,0.235205882,21
633CHR1,633,4,Control,2,1,0.469229086,267.0231481,0.190909091,0.809090909,216.0460017,18222.22222,9,0.492767308,21
633CHR2,633,4,Control,2,2,0.398135887,450.2361111,0.035532995,0.964467005,434.2378737,16203.7037,9,0.402155849,21
633CHR3,633,4,Control,2,3,0.391821449,309.9027778,0.08490566,0.91509434,283.5902778,10537.03704,9,0.401680128,21
595CLR1,595,0.5,Control,2,1,0.282094248,16.89197531,0.185185185,0.814814815,13.76383173,3592.592593,19,0.292872902,21
595CLR2,595,0.5,Control,2,2,0.276554168,26.3125,0.12605042,0.87394958,22.99579832,5037.037037,19,0.283645357,21
595CLR3,595,0.5,Control,2,3,0.238490026,60.81111111,0.098591549,0.901408451,54.81564945,5648.148148,19,0.243953015,21
595CHR1,595,4,Control,2,1,0.389353308,50.67592593,0.118518519,0.881481481,44.66989026,1685.185185,9,0.403370118,21
595CHR2,595,4,Control,2,2,0.29019128,75.03935185,0.160714286,0.839285714,62.97945602,1022.222222,9,0.309658401,21
595CHR3,595,4,Control,2,3,0.40419013,44.8287037,0.042105263,0.957894737,42.94117934,1703.703704,9,0.408969839,21
716CLR1,716,0.5,Control,2,1,0.19136766,141.3078704,0.082926829,0.917073171,129.5896567,5361.111111,19,0.195923871,21
716CLR2,716,0.5,Control,2,2,0.184974515,160.7986111,0.064327485,0.935672515,150.4548408,5402.777778,19,0.188473975,21
716CLR3,716,0.5,Control,2,3,0.23239579,67.66071429,0.089285714,0.910714286,61.61957908,5597.222222,19,0.237318214,21
716CHR1,716,4,Control,2,1,0.328140807,418.0763889,0.084745763,0.915254237,382.6461864,8013.888889,9,0.337980073,21
716CHR2,716,4,Control,2,2,0.36357629,331.8298611,0.085714286,0.914285714,303.3873016,8750,9,0.373533196,21
716CHR3,716,4,Control,2,3,0.33861244,363.9895833,0.082437276,0.917562724,333.9832736,7666.666667,9,0.34817181,21
654CLR1,654,0.5,Control,2,1,0.302879969,25.98765432,0.108695652,0.891304348,23.16290929,8203.703704,19,0.30893625,21
654CLR2,654,0.5,Control,2,2,0.30196114,38.98148148,0.134920635,0.865079365,33.72207525,12092.59259,19,0.309589247,21
654CLR3,654,0.5,Control,2,3,0.32316017,20.79012346,0.103448276,0.896551724,18.63942103,9648.148148,19,0.328907501,21
654CHR1,654,4,Control,2,1,0.363650071,358.6296296,0.077464789,0.922535211,330.8484611,9462.962963,9,0.37260893,21
654CHR2,654,4,Control,2,2,0.373098631,329.3935185,0.028169014,0.971830986,320.1148279,9462.962963,9,0.37627345,21
654CHR3,654,4,Control,2,3,0.446772571,177.3657407,0.162162162,0.837837838,148.6037287,9888.888889,9,0.466431539,33
590DLR1,590,0.5,Dark,3,1,0.182523214,327.4755556,0.11637931,0.88362069,289.3641762,6074.074074,16,0.190256176,33
590DLR2,590,0.5,Dark,3,2,0.123320518,624.7375926,0.268181818,0.731818182,457.1943291,4493.82716,16,0.142834466,33
590DLR3,590,0.5,Dark,3,3,0.149373018,380.1055556,0.237288136,0.762711864,289.9110169,4148.148148,16,0.166302703,33
590DHR1,590,4,Dark,3,1,0.26381769,197.5249383,0.122715405,0.877284595,173.2855855,10333.33333,15,0.272545945,33
590DHR2,590,4,Dark,3,2,0.267088782,126.0520988,0.140243902,0.859756098,108.3740605,6925.925926,15,0.277162551,33
590DHR3,590,4,Dark,3,3,0.262239802,175.4333333,0.294478528,0.705521472,123.7719836,8962.962963,15,0.285494341,33
633DLR1,633,0.5,Dark,3,1,0.210262479,452.2281481,0.165730337,0.834269663,377.2802247,13074.07407,16,0.221587391,33
633DLR2,633,0.5,Dark,3,2,0.200711097,592.5748148,0.221088435,0.778911565,461.5633762,14703.7037,16,0.216327208,33
633DLR3,633,0.5,Dark,3,3,0.16759247,415.8419753,0.198757764,0.801242236,333.1901541,6074.074074,16,0.181441968,33
633DHR1,633,4,Dark,3,1,0.143302607,120.8540741,0.226086957,0.773913043,93.53054428,1037.037037,15,0.160388991,33
633DHR2,633,4,Dark,3,2,0.246184532,94.53907407,0.280254777,0.719745223,68.04404695,3796.296296,15,0.268108398,33
633DHR3,633,4,Dark,3,3,0.260321313,108.1838889,0.459119497,0.540880503,58.51455625,5370.37037,15,0.301291774,33
595DLR1,595,0.5,Dark,3,1,0.105909483,144.2451852,0.292397661,0.707602339,102.0682305,2037.037037,25,0.119744403,33
595DLR2,595,0.5,Dark,3,2,0.075785874,214.4185185,0.451612903,0.548387097,117.5843489,1425.925926,25,0.099816829,33
595DLR3,595,0.5,Dark,3,3,0.147748225,126.7018519,0.458715596,0.541284404,68.58173632,5092.592593,25,0.172300643,33
595DHR1,595,4,Dark,3,1,0.115514269,83.81814815,0.481012658,0.518987342,43.5005579,474.0740741,15,0.159239321,33
595DHR2,595,4,Dark,3,2,0.142024613,76.99574074,0.47,0.53,40.80774259,648.1481481,15,0.184349831,33
595DHR3,595,4,Dark,3,3,0.19859701,37.03592593,0.721804511,0.278195489,10.30322751,728.3950617,15,0.283892425,33
716DLR1,716,0.5,Dark,3,1,0.060547959,244.8756944,0.287292818,0.712707182,174.5246662,2444.444444,38,0.069460712,33
716DLR2,716,0.5,Dark,3,2,0.073589105,260.2261111,0.251184834,0.748815166,194.8612586,4263.888889,38,0.081201292,33
716DLR3,716,0.5,Dark,3,3,0.072924357,275.5765278,0.359375,0.640625,176.5412131,4402.777778,38,0.084643068,33
716DHR1,716,4,Dark,3,1,0.141690807,224.4084722,0.135,0.865,194.1133285,1879.62963,15,0.151359192,33
716DHR2,716,4,Dark,3,2,0.117051751,195.1695833,0.275362319,0.724637681,141.4272343,1129.62963,15,0.138523984,33
716DHR3,716,4,Dark,3,3,0.118889089,192.9766667,0.11827957,0.88172043,170.1514695,1148.148148,15,0.127281105,33
654DLR1,654,0.5,Dark,3,1,0.230645374,378.1562963,0.1,0.9,340.3406667,15148.14815,16,0.237230406,33
654DLR2,654,0.5,Dark,3,2,0.226451714,272.8962963,0.145762712,0.854237288,233.1181921,10222.22222,16,0.236298356,33
654DLR3,654,0.5,Dark,3,3,0.216770256,237.8096296,0.164835165,0.835164835,198.6102401,7629.62963,16,0.228028142,33
654DHR1,654,4,Dark,3,1,0.221568355,473.67,0.077586207,0.922413793,436.9197414,13148.14815,15,0.226952445,33
654DHR2,654,4,Dark,3,2,0.261431609,170.2353086,0.062972292,0.937027708,159.515201,8592.592593,15,0.265767771,33
654DHR3,654,4,Dark,3,3,0.236976657,306.0337037,0.117977528,0.882022472,269.9286038,10703.7037,15,0.24534584,33
590CLR1,590,0.5,Control,3,1,0.248106603,294.3381481,0.143589744,0.856410256,252.0742089,3518.518519,10,0.263607178,33
590CLR2,590,0.5,Control,3,2,0.268957673,272.8962963,0.104395604,0.895604396,244.4071225,4018.518519,10,0.279983322,33
590CLR3,590,0.5,Control,3,3,0.245611621,257.3022222,0.065843621,0.934156379,240.3605121,3000,10,0.252422764,33
590CHR1,590,4,Control,3,1,0.438173544,261.2007407,0.025270758,0.974729242,254.6,5611.111111,7,0.44183005,33
590CHR2,590,4,Control,3,2,0.551660201,150.742716,0.038709677,0.961290323,144.9075141,7166.666667,7,0.557300031,33
590CHR3,590,4,Control,3,3,0.528320112,194.9259259,0.147239264,0.852760736,166.2251761,7870.37037,7,0.551073864,33
633CLR1,633,0.5,Control,3,1,0.294446898,400.2479012,0.115254237,0.884745763,354.1176347,7604.938272,10,0.306692393,33
633CLR2,633,0.5,Control,3,2,0.304159378,308.9575926,0.153846154,0.846153846,261.4256553,6469.135802,10,0.320864787,33
633CLR3,633,0.5,Control,3,3,0.256188817,421.04,0.052631579,0.947368421,398.88,5456.790123,10,0.261595539,33
633CHR1,633,4,Control,3,1,0.364524818,535.0716667,0.043103448,0.956896552,512.0082328,6864.197531,7,0.370819102,33
633CHR2,633,4,Control,3,2,0.332042741,862.5472222,0.066176471,0.933823529,805.4668913,8814.814815,7,0.341823855,33
633CHR3,633,4,Control,3,3,0.350442933,639.357037,0.106508876,0.893491124,571.2598378,7432.098765,7,0.366531344,33
595CLR1,595,0.5,Control,3,1,0.374736702,121.8287037,0.15,0.85,103.5543981,5166.666667,10,0.390988595,33
595CLR2,595,0.5,Control,3,2,0.33782276,147.1690741,0.14953271,0.85046729,125.1624836,4314.814815,10,0.354019692,33
595CLR3,595,0.5,Control,3,3,0.326233603,151.0675926,0.168539326,0.831460674,125.6067624,3944.444444,10,0.34469073,33
595CHR1,595,4,Control,3,1,0.407022686,64.32555556,0.116666667,0.883333333,56.82090741,1111.111111,7,0.424744493,33
595CHR2,595,4,Control,3,2,0.358725014,153.3417284,0.147651007,0.852348993,130.7006678,1888.888889,7,0.381547759,33
595CHR3,595,4,Control,3,3,0.431357738,75.04648148,0.166666667,0.833333333,62.53873457,1537.037037,7,0.457403675,33
716CLR1,716,0.5,Control,3,1,0.207540306,667.6212963,0.115646259,0.884353741,590.4133913,5319.444444,10,0.219830119,33
716CLR2,716,0.5,Control,3,2,0.201339445,697.3475,0.107692308,0.892307692,622.2485385,5222.222222,10,0.212733871,33
716CLR3,716,0.5,Control,3,3,0.212535318,605.245,0.064,0.936,566.50932,5069.444444,10,0.219149298,33
716CHR1,716,4,Control,3,1,0.313860824,1065.026528,0.01980198,0.98019802,1043.936894,9583.333333,7,0.316718063,33
716CHR2,716,4,Control,3,2,0.336489658,932.7205556,0.053412463,0.946587537,882.9016535,9833.333333,7,0.344331348,33
716CHR3,716,4,Control,3,3,0.296729547,1005.817778,0.280701754,0.719298246,723.482963,8027.777778,7,0.343798004,33
654CLR1,654,0.5,Control,3,1,0.259186736,170.5601852,0.079734219,0.920265781,156.960702,2277.777778,10,0.267496012,33
654CLR2,654,0.5,Control,3,2,0.308798126,157.89,0.075862069,0.924137931,145.9121379,3462.962963,10,0.31668752,33
654CLR3,654,0.5,Control,3,3,0.229181316,235.8603704,0.052631579,0.947368421,223.4466667,2333.333333,10,0.234588038,33
654CHR1,654,4,Control,3,1,0.333430502,602.9708642,0.048701299,0.951298701,573.6054,6222.222222,7,0.340562956,33
654CHR2,654,4,Control,3,2,0.326369042,710.8298765,0.053254438,0.946745562,672.975031,6981.481481,7,0.334186885,33
654CHR3,654,4,Control,3,3,0.327088818,515.9039506,0.041353383,0.958646617,494.5695767,5092.592593,7,0.33312207,33
590DLR1,590,0.5,Dark,4,1,0.165252334,225.1394444,0.320754717,0.679245283,152.9249057,2685.185185,15,0.191037199,43
590DLR2,590,0.5,Dark,4,2,0.180296493,232.9364815,0.179661017,0.820338983,191.0868763,3481.481481,15,0.193499001,43
590DLR3,590,0.5,Dark,4,3,0.174088302,175.4333333,0.161616162,0.838383838,147.0804714,2388.888889,15,0.185840252,43
590DHR1,590,4,Dark,4,1,0.282103779,43.85833333,0.339726027,0.660273973,28.95851598,3018.518519,15,0.309777141,43
590DHR2,590,4,Dark,4,2,0.212106585,69.1987037,0.295454545,0.704545455,48.75363215,1666.666667,15,0.235453413,43
590DHR3,590,4,Dark,4,3,0.201186684,89.66592593,0.3125,0.6875,61.64532407,1833.333333,15,0.226166247,43
633DLR1,633,0.5,Dark,4,1,0.183613006,196.8751852,0.272727273,0.727272727,143.1819529,3092.592593,15,0.204843255,43
633DLR2,633,0.5,Dark,4,2,0.221371768,258.2768519,0.353535354,0.646464646,166.9668537,7148.148148,15,0.250454219,43
633DLR3,633,0.5,Dark,4,3,0.178560625,237.8096296,0.314606742,0.685393258,162.9931169,3462.962963,15,0.203744792,43
633DHR1,633,4,Dark,4,1,0.187366883,44.83296296,0.506756757,0.493243243,22.11355606,4851.851852,25,0.215636997,43
633DHR2,633,4,Dark,4,2,0.140163391,35.08666667,0.537414966,0.462585034,16.23056689,1166.666667,25,0.171000386,43
633DHR3,633,4,Dark,4,3,0.097921284,44.83296296,0.394957983,0.605042017,27.12582633,518.5185185,25,0.118019579,43
595DLR1,595,0.5,Dark,4,1,0.096958522,69.1987037,0.594339623,0.405660377,28.07117226,296.2962963,15,0.157107787,43
595DLR2,595,0.5,Dark,4,2,0.066043577,123.777963,0.565714286,0.434285714,53.75500106,333.3333333,15,0.121647086,43
595DLR3,595,0.5,Dark,4,3,0.090589448,80.89425926,0.596273292,0.403726708,32.65917299,314.8148148,15,0.151057254,43
595DHR1,595,4,Dark,4,1,0.021217823,86.74203704,0.5,0.5,43.37101852,160.4938272,29,0.04511945,43
595DHR2,595,4,Dark,4,2,0.02086448,80.89425926,0.712121212,0.287878788,23.2877413,148.1481481,29,0.063802954,43
595DHR3,595,4,Dark,4,3,0.0376581,33.13740741,0.465909091,0.534090909,17.69838805,98.7654321,29,0.059285314,43
716DLR1,716,0.5,Dark,4,1,0.079237642,266.8048611,0.232704403,0.767295597,204.7181953,2655.555556,29,0.088371544,43
716DLR2,716,0.5,Dark,4,2,0.087137079,268.9977778,0.215189873,0.784810127,211.11218,3366.666667,29,0.095492716,43
716DLR3,716,0.5,Dark,4,3,0.079550737,247.7995833,0.232,0.768,190.31008,2488.888889,29,0.088652997,43
716DHR1,716,4,Dark,4,1,0.147516106,193.7076389,0.304761905,0.695238095,134.6729299,7740.740741,25,0.162056143,43
716DHR2,716,4,Dark,4,2,0.176165447,177.62625,0.371428571,0.628571429,111.6507857,14527.77778,25,0.194737672,43
716DHR3,716,4,Dark,4,3,0.155761828,190.0527778,0.439716312,0.560283688,106.4834712,9333.333333,25,0.178934309,43
654DLR1,654,0.5,Dark,4,1,0.234198248,187.1288889,0.08040201,0.91959799,172.0833501,6277.777778,15,0.239786159,43
654DLR2,654,0.5,Dark,4,2,0.201153754,219.2916667,0.084337349,0.915662651,200.7971888,4481.481481,15,0.207027571,43
654DLR3,654,0.5,Dark,4,3,0.201355649,197.8498148,0.434782609,0.565217391,111.8281562,4055.555556,15,0.239391973,43
654DHR1,654,4,Dark,4,1,0.212952052,72.12259259,0.3125,0.6875,49.58428241,1759.259259,15,0.237931615,43
654DHR2,654,4,Dark,4,2,0.223089561,90.64055556,0.365217391,0.634782609,57.53704831,2574.074074,15,0.25338774,43
654DHR3,654,4,Dark,4,3,0.209122725,96.48833333,0.355140187,0.644859813,62.2214486,2222.222222,15,0.23837088,43
590CLR1,590,0.5,Control,4,1,0.419445326,618.9133333,0.042345277,0.957654723,592.7052769,7666.666667,6,0.426656656,43
590CLR2,590,0.5,Control,4,2,0.495059111,482.46,0.162162162,0.837837838,404.2232432,9407.407407,6,0.524547562,43
590CLR3,590,0.5,Control,4,3,0.33696517,769.9866667,0.044871795,0.955128205,735.4359829,5814.814815,6,0.344616787,43
590CHR1,590,4,Control,4,1,0.433060098,653.0266667,0.056122449,0.943877551,616.3772109,8777.777778,6,0.44268657,43
590CHR2,590,4,Control,4,2,0.507736231,462.9666667,0.067901235,0.932098765,431.5306584,9740.740741,6,0.519455648,43
590CHR3,590,4,Control,4,3,0.417450213,462.9666667,0.130612245,0.869387755,402.497551,5666.666667,6,0.440777887,43
633CLR1,633,0.5,Control,4,1,0.282797185,1710.54,0.053892216,0.946107784,1618.35521,9333.333333,6,0.292030315,43
633CLR2,633,0.5,Control,4,2,0.455815513,711.5066667,0.03525641,0.96474359,686.4214957,10962.96296,6,0.461797667,43
633CLR3,633,0.5,Control,4,3,0.407310309,945.4266667,0.024193548,0.975806452,922.5534409,10888.88889,6,0.411392146,43
633CHR1,633,4,Control,4,1,0.410167388,1286.56,0.045454545,0.954545455,1228.08,15074.07407,6,0.417920724,43
633CHR2,633,4,Control,4,2,0.444999022,1023.4,0.078014184,0.921985816,943.5602837,14777.77778,6,0.458536596,43
633CHR3,633,4,Control,4,3,0.448669508,760.24,0.078947368,0.921052632,700.2210526,11222.22222,6,0.462375857,43
595CLR1,595,0.5,Control,4,1,0.44570332,282.6533333,0.147058824,0.852941176,241.0866667,4098.765432,6,0.472214102,43
595CLR2,595,0.5,Control,4,2,0.600485005,219.3,0.095238095,0.904761905,198.4142857,8049.382716,6,0.617165582,43
595CLR3,595,0.5,Control,4,3,0.408070074,326.5133333,0.086092715,0.913907285,298.4029139,3777.777778,6,0.423074432,43
595CHR1,595,4,Control,4,1,0.352782274,526.32,0.096,0.904,475.79328,4370.37037,6,0.369603261,43
595CHR2,595,4,Control,4,2,0.37353891,389.8666667,0.147727273,0.852272727,332.2727273,3666.666667,6,0.400180361,43
595CHR3,595,4,Control,4,3,0.427645554,321.64,0.134146341,0.865853659,278.4931707,4185.185185,6,0.451652116,43
716CLR1,716,0.5,Control,4,1,0.231596876,1476.62,0.03030303,0.96969697,1431.873939,5925.925926,6,0.236725486,43
716CLR2,716,0.5,Control,4,2,0.303731406,1388.9,0.062706271,0.937293729,1301.807261,8592.592593,6,0.314524501,43
716CLR3,716,0.5,Control,4,3,0.258319297,1666.68,0.017857143,0.982142857,1636.917857,7851.851852,6,0.261322382,43
716CHR1,716,4,Control,4,1,0.361121068,1622.82,0.038869258,0.961130742,1559.742191,14166.66667,6,0.36772854,43
716CHR2,716,4,Control,4,2,0.351148216,1739.78,0.085626911,0.914373089,1590.808012,14305.55556,6,0.366067649,43
716CHR3,716,4,Control,4,3,0.312528484,2061.42,0.202749141,0.797250859,1643.468866,13444.44444,6,0.3502928,43
654CLR1,654,0.5,Control,4,1,0.374398969,399.6133333,0.093959732,0.906040268,362.0657718,3777.777778,6,0.390844223,43
654CLR2,654,0.5,Control,4,2,0.47204075,477.5866667,0.055319149,0.944680851,451.1669787,8111.111111,6,0.481525438,43
654CLR3,654,0.5,Control,4,3,0.534831772,341.1333333,0.012269939,0.987730061,336.9476483,8444.444444,6,0.536889412,43
654CHR1,654,4,Control,4,1,0.364092656,921.06,0.157190635,0.842809365,776.2779933,8185.185185,6,0.39259507,43
654CHR2,654,4,Control,4,2,0.365244217,906.44,0.228668942,0.771331058,699.1653242,8111.111111,6,0.408517152,43
654CHR3,654,4,Control,4,3,0.401373024,843.0866667,0.014134276,0.985865724,831.1702473,9370.37037,6,0.403745543,43
590DLR1,590,0.5,Dark,5,1,0.041310936,46.78355556,,,,354.1666667,49,,90
590DLR2,590,0.5,Dark,5,2,0.03656655,74.07396296,,,,444.4444444,49,,90
590DLR3,590,0.5,Dark,5,3,0.062208924,23.39177778,,,,493.0555556,49,,90
590DHR1,590,4,Dark,5,1,0.006093948,144.2492963,,,,194.4444444,49,,90
590DHR2,590,4,Dark,5,2,0.012178264,198.8301111,,,,361.1111111,49,,90
590DHR3,590,4,Dark,5,3,0.025625489,132.5534074,,,,465.2777778,49,,90
633DLR1,633,0.5,Dark,5,1,0.035403462,85.76985185,,,,486.1111111,49,,90
633DLR2,633,0.5,Dark,5,2,0.044169019,70.17533333,,,,611.1111111,49,,90
633DLR3,633,0.5,Dark,5,3,0.050074158,66.2767037,,,,770.8333333,49,,90
633DHR1,633,4,Dark,5,1,0.016852617,152.0465556,,,,347.2222222,49,,90
633DHR2,633,4,Dark,5,2,0.014773884,222.2218889,,,,458.3333333,49,,90
633DHR3,633,4,Dark,5,3,0.02740377,155.9451852,,,,597.2222222,49,,90
595DLR1,595,0.5,Dark,5,1,0.029517443,50.68218519,,,,215.2777778,49,,90
595DLR2,595,0.5,Dark,5,2,0.005657393,105.263,,,,138.8888889,49,,90
595DLR3,595,0.5,Dark,5,3,0.011026033,214.4246296,,,,368.0555556,49,,90
595DHR1,595,4,Dark,5,1,0.003946081,269.0054444,,,,326.3888889,49,,90
595DHR2,595,4,Dark,5,2,0.013727083,272.9040741,,,,534.7222222,49,,90
595DHR3,595,4,Dark,5,3,0.034651185,58.47944444,,,,319.4444444,49,,90
716DLR1,716,0.5,Dark,5,1,0.060324753,760.2327778,,,,14611.11111,49,,90
716DLR2,716,0.5,Dark,5,2,0.04955232,821.6361944,,,,9314.814815,49,,90
716DLR3,716,0.5,Dark,5,3,0.057678438,883.0396111,,,,14907.40741,49,,90
716DHR1,716,4,Dark,5,1,0.076830644,704.6773056,,,,30407.40741,49,,90
716DHR2,716,4,Dark,5,2,0.071714927,666.6656667,,,,22388.88889,49,,90
716DHR3,716,4,Dark,5,3,0.064004131,599.4143056,,,,13796.2963,49,,90
654DLR1,654,0.5,Dark,5,1,0.028496822,159.8438148,,,,645.8333333,49,,90
654DLR2,654,0.5,Dark,5,2,0.030225078,124.7561481,,,,548.6111111,49,,90
654DLR3,654,0.5,Dark,5,3,0.034472947,97.46574074,,,,527.7777778,49,,90
654DHR1,654,4,Dark,5,1,0.017798294,136.452037,,,,326.3888889,49,,90
654DHR2,654,4,Dark,5,2,0.037669963,70.17533333,,,,444.4444444,49,,90
654DHR3,654,4,Dark,5,3,0.051855645,31.18903704,,,,395.8333333,49,,90
590CLR1,590,0.5,Control,5,1,0.225001576,506.8228148,,,,9444.444444,13,,90
590CLR2,590,0.5,Control,5,2,0.194455664,591.293284,,,,7407.407407,13,,90
590CLR3,590,0.5,Control,5,3,0.230569547,621.1828346,,,,12444.44444,13,,90
590CHR1,590,4,Control,5,1,0.212946846,418.4537086,,,,6666.666667,13,,90
590CHR2,590,4,Control,5,2,0.237834144,331.3841481,,,,7296.296296,13,,90
590CHR3,590,4,Control,5,3,0.219312654,502.9241778,,,,8703.703704,13,,90
633CLR1,633,0.5,Control,5,1,0.316189371,465.8871259,,,,28407.40741,13,,90
633CLR2,633,0.5,Control,5,2,0.265994409,438.5966667,,,,13925.92593,13,,90
633CLR3,633,0.5,Control,5,3,0.299708885,442.4953037,,,,21777.77778,13,,90
633CHR1,633,4,Control,5,1,0.224237413,471.7350815,,,,8703.703704,13,,90
633CHR2,633,4,Control,5,2,0.245881575,612.0860148,,,,14962.96296,13,,90
633CHR3,633,4,Control,5,3,0.275356317,432.7487111,,,,15518.51852,13,,90
595CLR1,595,0.5,Control,5,1,0.283411348,183.2359407,,,,7296.296296,13,,90
595CLR2,595,0.5,Control,5,2,0.195514398,239.1164049,,,,3037.037037,13,,90
595CLR3,595,0.5,Control,5,3,0.242009577,232.6186765,,,,5407.407407,13,,90
595CHR1,595,4,Control,5,1,0.148630241,252.1118617,,,,1740.740741,13,,90
595CHR2,595,4,Control,5,2,0.181977058,257.3100444,,,,2740.740741,13,,90
595CHR3,595,4,Control,5,3,0.23256404,261.2086815,,,,5370.37037,13,,90
716CLR1,716,0.5,Control,5,1,0.056894805,967.8366444,,,,2027.777778,13,,90
716CLR2,716,0.5,Control,5,2,0.040572549,1081.871778,,,,1833.333333,13,,90
716CLR3,716,0.5,Control,5,3,0.055557006,978.0705667,,,,2013.888889,13,,90
716CHR1,716,4,Control,5,1,0.071435465,696.8813704,,,,1763.888889,13,,90
716CHR2,716,4,Control,5,2,0.103602702,1228.070667,,,,4722.222222,13,,90
716CHR3,716,4,Control,5,3,0.136851638,792.3979778,,,,4694.444444,13,,90
654CLR1,654,0.5,Control,5,1,0.281006919,374.2691556,,,,14444.44444,13,,90
654CLR2,654,0.5,Control,5,2,0.321974229,267.056637,,,,17555.55556,13,,90
654CLR3,654,0.5,Control,5,3,0.326489351,276.8032296,,,,19296.2963,13,,90
654CHR1,654,4,Control,5,1,0.309666087,339.1814222,,,,19000,13,,90
654CHR2,654,4,Control,5,2,0.298399336,313.8402815,,,,15185.18519,13,,90
654CHR3,654,4,Control,5,3,0.250782059,325.5361926,,,,8481.481481,13,,90
